{
    "jj4tgy37_hner8rweu": [
        [
            4,
            5.0
        ],
        [
            29,
            1.748292824074074
        ],
        [
            37,
            1.748292824074074
        ]
    ],
    "jj4txr8r_y14sm47fa": [
        [
            4,
            5.0
        ],
        [
            29,
            1.748292824074074
        ],
        [
            37,
            1.748292824074074
        ]
    ],
    "jj4xvdhh_fslixxufo": [
        [
            14,
            5.0
        ],
        [
            29,
            1.748292824074074
        ],
        [
            37,
            1.748292824074074
        ]
    ],
    "jj4ycn86_y3a3a61u2": [
        [
            14,
            5.0
        ],
        [
            29,
            1.748292824074074
        ],
        [
            37,
            1.748292824074074
        ]
    ],
    "jj4z2mud_8jlpqzuof": [
        [
            13,
            5.0
        ],
        [
            14,
            5.0
        ],
        [
            17,
            5.0
        ]
    ]
}