{
    "1": [
        [
            2,
            0.23225308641975317
        ],
        [
            3,
            0.23225308641975317
        ],
        [
            4,
            0.23225308641975317
        ]
    ],
    "2": [
        [
            18,
            0.9027777777777779
        ],
        [
            19,
            0.6039416688864385
        ],
        [
            58,
            0.4166666666666665
        ]
    ],
    "3": [
        [
            1,
            0.23225308641975317
        ],
        [
            2,
            0.23225308641975317
        ],
        [
            4,
            0.23225308641975317
        ]
    ],
    "4": [
        [
            1,
            0.23225308641975317
        ],
        [
            2,
            0.23225308641975317
        ],
        [
            3,
            0.23225308641975317
        ]
    ],
    "5": [
        [
            1,
            0.23225308641975317
        ],
        [
            2,
            0.23225308641975317
        ],
        [
            3,
            0.23225308641975317
        ]
    ],
    "6": [
        [
            1,
            0.23225308641975317
        ],
        [
            2,
            0.23225308641975317
        ],
        [
            3,
            0.23225308641975317
        ]
    ],
    "jj11cdl1_1r4y0i678": [
        [
            19,
            0.41666666666666674
        ],
        [
            129,
            0.4166666666666665
        ],
        [
            18,
            0.37037037037037024
        ]
    ],
    "jj12agd3_4u1pcplql": [
        [
            40,
            0.4166666666666665
        ],
        [
            19,
            0.3477233608090917
        ],
        [
            18,
            0.27811187016902417
        ]
    ],
    "jj12riwl_hwdgk95ii": [
        [
            6,
            0.417000759057913
        ],
        [
            140,
            0.4166666666666665
        ],
        [
            129,
            0.35243761167069154
        ]
    ],
    "jj134i05_qs59djcp6": [
        [
            6,
            0.4166666666666665
        ],
        [
            140,
            0.4166666666666665
        ],
        [
            137,
            0.3480494933130023
        ]
    ],
    "jj13dabw_h9zuxs6el": [
        [
            6,
            0.5555555555555556
        ],
        [
            80,
            0.4166666666666665
        ],
        [
            137,
            0.3465588247781597
        ]
    ],
    "jj13mg95_6d8t8nixs": [
        [
            6,
            0.5555555555555556
        ],
        [
            80,
            0.4166666666666665
        ],
        [
            140,
            0.4166666666666665
        ]
    ],
    "jj13xf6a_vp33ke4yv": [
        [
            40,
            0.4166666666666665
        ],
        [
            41,
            0.2777777777777779
        ],
        [
            42,
            0.2777777777777777
        ]
    ],
    "jj146kf7_k1fqreouw": [
        [
            140,
            0.4166666666666665
        ],
        [
            42,
            0.35210923449839693
        ],
        [
            40,
            0.34233520994604705
        ]
    ],
    "jj14l42s_geo0set8i": [
        [
            19,
            0.4173774593426589
        ],
        [
            6,
            0.4169340692251744
        ],
        [
            40,
            0.4166666666666665
        ]
    ]
}