{
    "jj21475c_g5u6hiy2p": [
        [
            27,
            1.1078042328042326
        ],
        [
            28,
            1.1078042328042326
        ],
        [
            31,
            1.1078042328042326
        ]
    ],
    "jj23yi11_3qqgaz948": [
        [
            8,
            1.1078042328042326
        ],
        [
            11,
            1.1078042328042326
        ],
        [
            18,
            1.1078042328042326
        ]
    ],
    "jj387qm7_er3nasias": [
        [
            0,
            1.1078042328042326
        ],
        [
            1,
            1.1078042328042326
        ],
        [
            2,
            1.1078042328042326
        ]
    ],
    "jj38iewg_efa1d594m": [
        [
            0,
            1.1078042328042326
        ],
        [
            1,
            1.1078042328042326
        ],
        [
            2,
            1.1078042328042326
        ]
    ]
}