{
    "jj56jtfi_chzwjymc5": [
        [
            2,
            5.0
        ],
        [
            7,
            5.0
        ],
        [
            39,
            1.2008101851851851
        ]
    ],
    "jj56wt62_gzv92km38": [
        [
            0,
            5.0
        ],
        [
            6,
            5.0
        ],
        [
            16,
            1.2008101851851851
        ]
    ],
    "jj56zkef_76yio2wf4": [
        [
            1,
            5.0
        ],
        [
            5,
            5.0
        ],
        [
            16,
            1.2008101851851851
        ]
    ]
}