{
    "jj4tgy37_hner8rweu": [
        [
            4,
            5.0
        ],
        [
            25,
            1.8868793243793243
        ],
        [
            41,
            1.8868793243793243
        ]
    ],
    "jj4txr8r_y14sm47fa": [
        [
            4,
            4.999999999999999
        ],
        [
            25,
            1.8868793243793243
        ],
        [
            41,
            1.8868793243793243
        ]
    ],
    "jj4xvdhh_fslixxufo": [
        [
            14,
            5.0
        ],
        [
            25,
            1.8868793243793243
        ],
        [
            41,
            1.8868793243793243
        ]
    ],
    "jj4ycn86_y3a3a61u2": [
        [
            14,
            5.0
        ],
        [
            25,
            1.8868793243793243
        ],
        [
            41,
            1.8868793243793243
        ]
    ],
    "jj4z2mud_8jlpqzuof": [
        [
            13,
            5.0
        ],
        [
            17,
            5.0
        ],
        [
            19,
            5.0
        ]
    ]
}