{
    "jj56jtfi_chzwjymc5": [
        [
            2,
            5.0
        ],
        [
            7,
            5.0
        ],
        [
            37,
            0.4420623976931297
        ]
    ],
    "jj56wt62_gzv92km38": [
        [
            0,
            5.0
        ],
        [
            6,
            5.0
        ],
        [
            12,
            0.4420623976931297
        ]
    ],
    "jj56zkef_76yio2wf4": [
        [
            5,
            5.0
        ],
        [
            1,
            0.4420623976931297
        ],
        [
            14,
            0.4420623976931297
        ]
    ]
}